0,1,2,3,4,5,6,7,8
-75.0,-79.0,-81.0,-18.0,-53.0,-60.0,1.0,1.57,1.0
-73.0,-81.0,-80.0,-18.0,-52.0,-60.0,1.0,1.57,1.0
-74.0,-79.0,-77.0,-15.0,-49.0,-59.0,1.0,1.57,1.0
-73.0,-77.0,-80.0,-15.0,-50.0,-61.0,1.0,1.57,1.0
-72.0,-80.0,-81.0,-15.0,-49.0,-60.0,1.0,1.57,1.0
-76.0,-77.0,-80.0,-20.0,-50.0,-59.0,1.0,1.57,1.0
-74.0,-78.0,-81.0,-16.0,-50.0,-59.0,1.0,1.57,1.0
-73.0,-79.0,-80.0,-18.0,-44.0,-59.0,1.0,1.57,1.0
-73.0,-79.0,-80.0,-16.0,-50.0,-59.0,1.0,1.57,1.0
-73.0,-78.0,-79.0,-16.0,-50.0,-56.0,1.0,1.57,1.0
-73.0,-79.0,-80.0,-15.0,-50.0,-60.0,1.0,1.57,1.0
-74.0,-78.0,-78.0,-15.0,-49.0,-59.0,1.0,1.57,1.0
-75.0,-78.0,-81.0,-15.0,-49.0,-59.0,1.0,1.57,1.0
-74.0,-78.0,-79.0,-18.0,-51.0,-59.0,1.0,1.57,1.0
-78.0,-81.0,-79.0,-15.0,-49.0,-60.0,1.0,1.57,1.0
-75.0,-79.0,-79.0,-17.0,-50.0,-59.0,1.0,1.57,1.0
-76.0,-78.0,-78.0,-17.0,-49.0,-59.0,1.0,1.57,1.0
-75.0,-76.0,-79.0,-17.0,-50.0,-58.0,1.0,1.57,1.0
-74.0,-79.0,-77.0,-16.0,-45.0,-59.0,1.0,1.57,1.0
-72.0,-79.0,-80.0,-15.0,-50.0,-59.0,1.0,1.57,1.0
-77.0,-78.0,-81.0,-17.0,-50.0,-60.0,1.0,1.57,1.0
-73.0,-79.0,-80.0,-16.0,-53.0,-60.0,1.0,1.57,1.0
-76.0,-79.0,-80.0,-19.0,-46.0,-60.0,1.0,1.57,1.0
-75.0,-80.0,-81.0,-17.0,-46.0,-59.0,1.0,1.57,1.0
-75.0,-79.0,-81.0,-17.0,-51.0,-60.0,1.0,1.57,1.0
-73.0,-79.0,-79.0,-16.0,-49.0,-60.0,1.0,1.57,1.0
-75.0,-80.0,-79.0,-16.0,-44.0,-60.0,1.0,1.57,1.0
-74.0,-79.0,-80.0,-17.0,-51.0,-59.0,1.0,1.57,1.0
-74.0,-78.0,-80.0,-17.0,-50.0,-59.0,1.0,1.57,1.0
-75.0,-81.0,-80.0,-17.0,-51.0,-60.0,1.0,1.57,1.0
-74.0,-79.0,-81.0,-17.0,-51.0,-59.0,1.0,1.57,1.0
-74.0,-79.0,-81.0,-17.0,-52.0,-59.0,1.0,1.57,1.0
-75.0,-79.0,-80.0,-18.0,-50.0,-60.0,1.0,1.57,1.0
-75.0,-81.0,-81.0,-17.0,-50.0,-60.0,1.0,1.57,1.0
-76.0,-77.0,-83.0,-44.0,-51.0,-60.0,1.0,1.57,1.0
-68.0,-83.0,-81.0,-47.0,-41.0,-57.0,2.2,1.57,1.0
-69.0,-85.0,-83.0,-47.0,-50.0,-58.0,2.2,1.57,1.0
-69.0,-85.0,-82.0,-47.0,-40.0,-56.0,2.2,1.57,1.0
-68.0,-82.0,-83.0,-40.0,-49.0,-57.0,2.2,1.57,1.0
-69.0,-83.0,-79.0,-40.0,-41.0,-56.0,2.2,1.57,1.0
-68.0,-83.0,-81.0,-37.0,-40.0,-56.0,2.2,1.57,1.0
-68.0,-82.0,-81.0,-46.0,-41.0,-55.0,2.2,1.57,1.0
-68.0,-82.0,-82.0,-39.0,-48.0,-56.0,2.2,1.57,1.0
-69.0,-82.0,-83.0,-46.0,-40.0,-57.0,2.2,1.57,1.0
-69.0,-79.0,-82.0,-41.0,-47.0,-56.0,2.2,1.57,1.0
-70.0,-83.0,-82.0,-44.0,-47.0,-56.0,2.2,1.57,1.0
-68.0,-83.0,-84.0,-41.0,-40.0,-56.0,2.2,1.57,1.0
-69.0,-81.0,-81.0,-45.0,-40.0,-56.0,2.2,1.57,1.0
-68.0,-81.0,-80.0,-39.0,-40.0,-59.0,2.2,1.57,1.0
-68.0,-79.0,-80.0,-39.0,-39.0,-56.0,2.2,1.57,1.0
-70.0,-83.0,-82.0,-39.0,-46.0,-55.0,2.2,1.57,1.0
-69.0,-86.0,-82.0,-40.0,-49.0,-59.0,2.2,1.57,1.0
-69.0,-82.0,-84.0,-42.0,-48.0,-58.0,2.2,1.57,1.0
-70.0,-85.0,-84.0,-39.0,-43.0,-58.0,2.2,1.57,1.0
-68.0,-84.0,-82.0,-42.0,-42.0,-57.0,2.2,1.57,1.0
-68.0,-83.0,-79.0,-41.0,-47.0,-55.0,2.2,1.57,1.0
-68.0,-77.0,-78.0,-46.0,-38.0,-56.0,2.2,1.57,1.0
-69.0,-82.0,-82.0,-40.0,-46.0,-55.0,2.2,1.57,1.0
-70.0,-82.0,-81.0,-46.0,-41.0,-55.0,2.2,1.57,1.0
-67.0,-80.0,-81.0,-40.0,-41.0,-55.0,2.2,1.57,1.0
-67.0,-84.0,-80.0,-40.0,-46.0,-55.0,2.2,1.57,1.0
-69.0,-81.0,-82.0,-70.0,-42.0,-55.0,2.2,1.57,1.0
-69.0,-83.0,-83.0,-41.0,-41.0,-57.0,2.2,1.57,1.0
-69.0,-83.0,-82.0,-41.0,-42.0,-56.0,2.2,1.57,1.0
-67.0,-83.0,-82.0,-39.0,-46.0,-54.0,2.2,1.57,1.0
-74.0,-71.0,-72.0,-47.0,-42.0,-60.0,3.4,1.57,1.0
-73.0,-71.0,-72.0,-50.0,-46.0,-60.0,3.4,1.57,1.0
-72.0,-70.0,-73.0,-44.0,-47.0,-58.0,3.4,1.57,1.0
-73.0,-70.0,-72.0,-43.0,-41.0,-59.0,3.4,1.57,1.0
-73.0,-70.0,-73.0,-51.0,-42.0,-60.0,3.4,1.57,1.0
-74.0,-71.0,-70.0,-50.0,-47.0,-59.0,3.4,1.57,1.0
-72.0,-71.0,-72.0,-51.0,-48.0,-60.0,3.4,1.57,1.0
-71.0,-71.0,-70.0,-49.0,-45.0,-60.0,3.4,1.57,1.0
-71.0,-69.0,-70.0,-49.0,-40.0,-60.0,3.4,1.57,1.0
-73.0,-71.0,-72.0,-53.0,-48.0,-60.0,3.4,1.57,1.0
-73.0,-69.0,-70.0,-50.0,-47.0,-59.0,3.4,1.57,1.0
-71.0,-71.0,-73.0,-50.0,-40.0,-59.0,3.4,1.57,1.0
-72.0,-70.0,-72.0,-48.0,-46.0,-60.0,3.4,1.57,1.0
-74.0,-70.0,-72.0,-49.0,-47.0,-59.0,3.4,1.57,1.0
-74.0,-69.0,-72.0,-50.0,-46.0,-60.0,3.4,1.57,1.0
-71.0,-72.0,-71.0,-50.0,-46.0,-57.0,3.4,1.57,1.0
-71.0,-70.0,-71.0,-48.0,-40.0,-59.0,3.4,1.57,1.0
-71.0,-69.0,-69.0,-48.0,-45.0,-58.0,3.4,1.57,1.0
-71.0,-68.0,-71.0,-43.0,-40.0,-61.0,3.4,1.57,1.0
-72.0,-70.0,-70.0,-49.0,-40.0,-60.0,3.4,1.57,1.0
-72.0,-71.0,-71.0,-51.0,-46.0,-60.0,3.4,1.57,1.0
-72.0,-69.0,-72.0,-51.0,-41.0,-60.0,3.4,1.57,1.0
-71.0,-69.0,-69.0,-49.0,-41.0,-59.0,3.4,1.57,1.0
-74.0,-70.0,-72.0,-50.0,-40.0,-60.0,3.4,1.57,1.0
-72.0,-70.0,-72.0,-48.0,-40.0,-60.0,3.4,1.57,1.0
-74.0,-71.0,-73.0,-50.0,-78.0,-59.0,3.4,1.57,1.0
-71.0,-71.0,-71.0,-59.0,-43.0,-58.0,3.4,1.57,1.0
-72.0,-70.0,-71.0,-50.0,-47.0,-59.0,3.4,1.57,1.0
-72.0,-69.0,-68.0,-49.0,-75.0,-56.0,3.4,1.57,1.0
-73.0,-71.0,-69.0,-50.0,-45.0,-59.0,3.4,1.57,1.0
-71.0,-70.0,-70.0,-48.0,-40.0,-60.0,3.4,1.57,1.0
-71.0,-70.0,-72.0,-43.0,-40.0,-60.0,3.4,1.57,1.0
-72.0,-70.0,-71.0,-49.0,-44.0,-59.0,3.4,1.57,1.0
-69.0,-81.0,-82.0,-59.0,-36.0,-58.0,4.6,1.57,1.0
-71.0,-83.0,-85.0,-55.0,-36.0,-58.0,4.6,1.57,1.0
-69.0,-82.0,-84.0,-55.0,-35.0,-58.0,4.6,1.57,1.0
-71.0,-76.0,-84.0,-57.0,-35.0,-59.0,4.6,1.57,1.0
-70.0,-81.0,-83.0,-55.0,-36.0,-60.0,4.6,1.57,1.0
-71.0,-81.0,-84.0,-59.0,-58.0,-60.0,4.6,1.57,1.0
-71.0,-85.0,-83.0,-54.0,-36.0,-60.0,4.6,1.57,1.0
-71.0,-81.0,-83.0,-55.0,-36.0,-60.0,4.6,1.57,1.0
-71.0,-81.0,-87.0,-56.0,-38.0,-58.0,4.6,1.57,1.0
-72.0,-83.0,-84.0,-56.0,-36.0,-59.0,4.6,1.57,1.0
-73.0,-82.0,-83.0,-56.0,-37.0,-59.0,4.6,1.57,1.0
-71.0,-83.0,-83.0,-56.0,-36.0,-61.0,4.6,1.57,1.0
-71.0,-77.0,-83.0,-56.0,-36.0,-60.0,4.6,1.57,1.0
-69.0,-82.0,-84.0,-55.0,-36.0,-59.0,4.6,1.57,1.0
-69.0,-82.0,-79.0,-55.0,-36.0,-59.0,4.6,1.57,1.0
-70.0,-82.0,-84.0,-54.0,-35.0,-59.0,4.6,1.57,1.0
-71.0,-80.0,-83.0,-55.0,-35.0,-59.0,4.6,1.57,1.0
-69.0,-83.0,-86.0,-56.0,-36.0,-59.0,4.6,1.57,1.0
-69.0,-78.0,-84.0,-54.0,-35.0,-58.0,4.6,1.57,1.0
-69.0,-79.0,-82.0,-54.0,-36.0,-58.0,4.6,1.57,1.0
-70.0,-85.0,-83.0,-54.0,-36.0,-59.0,4.6,1.57,1.0
-69.0,-80.0,-85.0,-72.0,-37.0,-58.0,4.6,1.57,1.0
-71.0,-80.0,-84.0,-57.0,-36.0,-60.0,4.6,1.57,1.0
-71.0,-80.0,-85.0,-56.0,-36.0,-59.0,4.6,1.57,1.0
-72.0,-82.0,-84.0,-54.0,-37.0,-57.0,4.6,1.57,1.0
-70.0,-83.0,-85.0,-57.0,-36.0,-59.0,4.6,1.57,1.0
-72.0,-84.0,-84.0,-56.0,-36.0,-60.0,4.6,1.57,1.0
-71.0,-81.0,-83.0,-57.0,-37.0,-59.0,4.6,1.57,1.0
-71.0,-84.0,-84.0,-55.0,-37.0,-60.0,4.6,1.57,1.0
-68.0,-79.0,-82.0,-53.0,-34.0,-57.0,4.6,1.57,1.0
-70.0,-83.0,-84.0,-55.0,-35.0,-58.0,4.6,1.57,1.0
-68.0,-78.0,-76.0,-51.0,-16.0,-52.0,5.8,1.57,1.0
-69.0,-75.0,-77.0,-52.0,-14.0,-51.0,5.8,1.57,1.0
-67.0,-77.0,-77.0,-51.0,-16.0,-51.0,5.8,1.57,1.0
-68.0,-78.0,-76.0,-48.0,-15.0,-52.0,5.8,1.57,1.0
-68.0,-77.0,-79.0,-52.0,-17.0,-52.0,5.8,1.57,1.0
-69.0,-76.0,-75.0,-50.0,-16.0,-51.0,5.8,1.57,1.0
-69.0,-77.0,-78.0,-51.0,-15.0,-52.0,5.8,1.57,1.0
-68.0,-77.0,-77.0,-51.0,-14.0,-52.0,5.8,1.57,1.0
-69.0,-79.0,-76.0,-51.0,-16.0,-53.0,5.8,1.57,1.0
-67.0,-77.0,-77.0,-50.0,-16.0,-51.0,5.8,1.57,1.0
-68.0,-77.0,-76.0,-50.0,-14.0,-51.0,5.8,1.57,1.0
-68.0,-77.0,-76.0,-51.0,-14.0,-51.0,5.8,1.57,1.0
-68.0,-75.0,-76.0,-49.0,-13.0,-50.0,5.8,1.57,1.0
-68.0,-79.0,-79.0,-51.0,-17.0,-54.0,5.8,1.57,1.0
-66.0,-69.0,-77.0,-49.0,-15.0,-51.0,5.8,1.57,1.0
-69.0,-78.0,-78.0,-52.0,-15.0,-54.0,5.8,1.57,1.0
-67.0,-76.0,-79.0,-51.0,-45.0,-51.0,5.8,1.57,1.0
-69.0,-76.0,-75.0,-50.0,-13.0,-51.0,5.8,1.57,1.0
-67.0,-77.0,-76.0,-50.0,-14.0,-50.0,5.8,1.57,1.0
-68.0,-77.0,-76.0,-52.0,-15.0,-53.0,5.8,1.57,1.0
-70.0,-77.0,-77.0,-53.0,-15.0,-52.0,5.8,1.57,1.0
-68.0,-77.0,-77.0,-49.0,-14.0,-53.0,5.8,1.57,1.0
-68.0,-77.0,-78.0,-51.0,-15.0,-53.0,5.8,1.57,1.0
-69.0,-76.0,-76.0,-49.0,-15.0,-51.0,5.8,1.57,1.0
-67.0,-78.0,-76.0,-50.0,-14.0,-54.0,5.8,1.57,1.0
-68.0,-80.0,-77.0,-53.0,-16.0,-51.0,5.8,1.57,1.0
-68.0,-77.0,-77.0,-50.0,-15.0,-52.0,5.8,1.57,1.0
-70.0,-77.0,-77.0,-52.0,-16.0,-51.0,5.8,1.57,1.0
-68.0,-78.0,-77.0,-49.0,-16.0,-52.0,5.8,1.57,1.0
-67.0,-77.0,-77.0,-52.0,-14.0,-51.0,5.8,1.57,1.0
-66.0,-76.0,-77.0,-50.0,-15.0,-65.0,5.8,1.57,1.0
-68.0,-78.0,-77.0,-51.0,-14.0,-53.0,5.8,1.57,1.0
-69.0,-75.0,-77.0,-52.0,-15.0,-51.0,5.8,1.57,1.0
-68.0,-78.0,-76.0,-51.0,-16.0,-52.0,1.0,3.47,1.0
-69.0,-75.0,-77.0,-52.0,-14.0,-51.0,1.0,3.47,1.0
-67.0,-77.0,-77.0,-51.0,-16.0,-51.0,1.0,3.47,1.0
-68.0,-78.0,-76.0,-48.0,-15.0,-52.0,1.0,3.47,1.0
-68.0,-77.0,-79.0,-52.0,-17.0,-52.0,1.0,3.47,1.0
-69.0,-76.0,-75.0,-50.0,-16.0,-51.0,1.0,3.47,1.0
-69.0,-77.0,-78.0,-51.0,-15.0,-52.0,1.0,3.47,1.0
-68.0,-77.0,-77.0,-51.0,-14.0,-52.0,1.0,3.47,1.0
-69.0,-79.0,-76.0,-51.0,-16.0,-53.0,1.0,3.47,1.0
-67.0,-77.0,-77.0,-50.0,-16.0,-51.0,1.0,3.47,1.0
-68.0,-77.0,-76.0,-50.0,-14.0,-51.0,1.0,3.47,1.0
-68.0,-77.0,-76.0,-51.0,-14.0,-51.0,1.0,3.47,1.0
-68.0,-75.0,-76.0,-49.0,-13.0,-50.0,1.0,3.47,1.0
-68.0,-79.0,-79.0,-51.0,-17.0,-54.0,1.0,3.47,1.0
-66.0,-69.0,-77.0,-49.0,-15.0,-51.0,1.0,3.47,1.0
-69.0,-78.0,-78.0,-52.0,-15.0,-54.0,1.0,3.47,1.0
-67.0,-76.0,-79.0,-51.0,-45.0,-51.0,1.0,3.47,1.0
-69.0,-76.0,-75.0,-50.0,-13.0,-51.0,1.0,3.47,1.0
-67.0,-77.0,-76.0,-50.0,-14.0,-50.0,1.0,3.47,1.0
-68.0,-77.0,-76.0,-52.0,-15.0,-53.0,1.0,3.47,1.0
-70.0,-77.0,-77.0,-53.0,-15.0,-52.0,1.0,3.47,1.0
-68.0,-77.0,-77.0,-49.0,-14.0,-53.0,1.0,3.47,1.0
-68.0,-77.0,-78.0,-51.0,-15.0,-53.0,1.0,3.47,1.0
-69.0,-76.0,-76.0,-49.0,-15.0,-51.0,1.0,3.47,1.0
-67.0,-78.0,-76.0,-50.0,-14.0,-54.0,1.0,3.47,1.0
-68.0,-80.0,-77.0,-53.0,-16.0,-51.0,1.0,3.47,1.0
-68.0,-77.0,-77.0,-50.0,-15.0,-52.0,1.0,3.47,1.0
-70.0,-77.0,-77.0,-52.0,-16.0,-51.0,1.0,3.47,1.0
-68.0,-78.0,-77.0,-49.0,-16.0,-52.0,1.0,3.47,1.0
-67.0,-77.0,-77.0,-52.0,-14.0,-51.0,1.0,3.47,1.0
-66.0,-76.0,-77.0,-50.0,-15.0,-65.0,1.0,3.47,1.0
-68.0,-78.0,-77.0,-51.0,-14.0,-53.0,1.0,3.47,1.0
-69.0,-75.0,-77.0,-52.0,-15.0,-51.0,1.0,3.47,1.0
-73.0,-85.0,-71.0,-39.0,-43.0,-58.0,2.2,3.47,1.0
-69.0,-85.0,-70.0,-37.0,-48.0,-56.0,2.2,3.47,1.0
-69.0,-82.0,-72.0,-38.0,-50.0,-57.0,2.2,3.47,1.0
-70.0,-84.0,-71.0,-38.0,-49.0,-58.0,2.2,3.47,1.0
-70.0,-85.0,-70.0,-44.0,-49.0,-58.0,2.2,3.47,1.0
-70.0,-86.0,-73.0,-40.0,-44.0,-58.0,2.2,3.47,1.0
-71.0,-86.0,-71.0,-39.0,-49.0,-57.0,2.2,3.47,1.0
-73.0,-81.0,-71.0,-46.0,-43.0,-58.0,2.2,3.47,1.0
-70.0,-86.0,-69.0,-40.0,-49.0,-60.0,2.2,3.47,1.0
-70.0,-85.0,-70.0,-38.0,-48.0,-56.0,2.2,3.47,1.0
-70.0,-77.0,-71.0,-38.0,-48.0,-56.0,2.2,3.47,1.0
-69.0,-86.0,-72.0,-37.0,-41.0,-58.0,2.2,3.47,1.0
-69.0,-85.0,-70.0,-38.0,-47.0,-58.0,2.2,3.47,1.0
-69.0,-82.0,-69.0,-38.0,-42.0,-60.0,2.2,3.47,1.0
-69.0,-83.0,-72.0,-37.0,-42.0,-57.0,2.2,3.47,1.0
-71.0,-85.0,-72.0,-39.0,-48.0,-58.0,2.2,3.47,1.0
-70.0,-84.0,-70.0,-35.0,-41.0,-57.0,2.2,3.47,1.0
-72.0,-87.0,-70.0,-37.0,-48.0,-57.0,2.2,3.47,1.0
-72.0,-85.0,-69.0,-39.0,-43.0,-57.0,2.2,3.47,1.0
-71.0,-85.0,-71.0,-46.0,-48.0,-58.0,2.2,3.47,1.0
-72.0,-85.0,-73.0,-39.0,-48.0,-59.0,2.2,3.47,1.0
-72.0,-77.0,-71.0,-39.0,-49.0,-59.0,2.2,3.47,1.0
-72.0,-86.0,-73.0,-40.0,-49.0,-58.0,2.2,3.47,1.0
-72.0,-84.0,-72.0,-39.0,-49.0,-57.0,2.2,3.47,1.0
-72.0,-84.0,-71.0,-40.0,-48.0,-58.0,2.2,3.47,1.0
-68.0,-83.0,-70.0,-39.0,-44.0,-59.0,2.2,3.47,1.0
-71.0,-84.0,-71.0,-45.0,-42.0,-58.0,2.2,3.47,1.0
-70.0,-88.0,-73.0,-39.0,-49.0,-58.0,2.2,3.47,1.0
-70.0,-85.0,-69.0,-42.0,-41.0,-56.0,2.2,3.47,1.0
-70.0,-83.0,-69.0,-44.0,-47.0,-57.0,2.2,3.47,1.0
-72.0,-86.0,-73.0,-37.0,-49.0,-59.0,2.2,3.47,1.0
-71.0,-71.0,-72.0,-53.0,-57.0,-52.0,3.4,3.47,1.0
-69.0,-74.0,-73.0,-53.0,-54.0,-60.0,3.4,3.47,1.0
-70.0,-74.0,-93.0,-54.0,-62.0,-56.0,3.4,3.47,1.0
-71.0,-75.0,-73.0,-52.0,-72.0,-56.0,3.4,3.47,1.0
-69.0,-74.0,-72.0,-49.0,-55.0,-55.0,3.4,3.47,1.0
-73.0,-74.0,-73.0,-53.0,-59.0,-56.0,3.4,3.47,1.0
-70.0,-75.0,-74.0,-54.0,-57.0,-54.0,3.4,3.47,1.0
-69.0,-72.0,-70.0,-52.0,-56.0,-54.0,3.4,3.47,1.0
-71.0,-75.0,-71.0,-53.0,-59.0,-53.0,3.4,3.47,1.0
-69.0,-74.0,-72.0,-52.0,-55.0,-55.0,3.4,3.47,1.0
-71.0,-73.0,-72.0,-51.0,-57.0,-54.0,3.4,3.47,1.0
-68.0,-72.0,-75.0,-51.0,-53.0,-54.0,3.4,3.47,1.0
-68.0,-76.0,-75.0,-52.0,-61.0,-55.0,3.4,3.47,1.0
-70.0,-74.0,-74.0,-53.0,-59.0,-58.0,3.4,3.47,1.0
-69.0,-73.0,-72.0,-51.0,-57.0,-54.0,3.4,3.47,1.0
-71.0,-75.0,-74.0,-53.0,-58.0,-56.0,3.4,3.47,1.0
-70.0,-75.0,-73.0,-52.0,-57.0,-56.0,3.4,3.47,1.0
-73.0,-76.0,-75.0,-54.0,-59.0,-56.0,3.4,3.47,1.0
-70.0,-76.0,-73.0,-54.0,-60.0,-57.0,3.4,3.47,1.0
-73.0,-75.0,-74.0,-53.0,-57.0,-57.0,3.4,3.47,1.0
-72.0,-76.0,-74.0,-53.0,-59.0,-56.0,3.4,3.47,1.0
-71.0,-76.0,-73.0,-51.0,-55.0,-58.0,3.4,3.47,1.0
-73.0,-75.0,-75.0,-52.0,-58.0,-56.0,3.4,3.47,1.0
-68.0,-74.0,-73.0,-54.0,-58.0,-75.0,3.4,3.47,1.0
-72.0,-75.0,-73.0,-54.0,-59.0,-56.0,3.4,3.47,1.0
-70.0,-75.0,-72.0,-53.0,-54.0,-57.0,3.4,3.47,1.0
-70.0,-75.0,-73.0,-55.0,-64.0,-55.0,3.4,3.47,1.0
-71.0,-75.0,-72.0,-53.0,-60.0,-56.0,3.4,3.47,1.0
-72.0,-75.0,-74.0,-54.0,-61.0,-56.0,3.4,3.47,1.0
-71.0,-76.0,-74.0,-54.0,-62.0,-57.0,3.4,3.47,1.0
-70.0,-75.0,-76.0,-53.0,-58.0,-55.0,3.4,3.47,1.0
-72.0,-75.0,-73.0,-55.0,-58.0,-57.0,3.4,3.47,1.0
-70.0,-77.0,-73.0,-53.0,-57.0,-58.0,3.4,3.47,1.0
-73.0,-76.0,-72.0,-45.0,-46.0,-66.0,4.6,3.47,1.0
-73.0,-74.0,-72.0,-50.0,-50.0,-67.0,4.6,3.47,1.0
-71.0,-76.0,-73.0,-51.0,-55.0,-67.0,4.6,3.47,1.0
-71.0,-75.0,-71.0,-50.0,-49.0,-68.0,4.6,3.47,1.0
-73.0,-76.0,-70.0,-45.0,-46.0,-68.0,4.6,3.47,1.0
-73.0,-75.0,-71.0,-49.0,-51.0,-68.0,4.6,3.47,1.0
-72.0,-75.0,-72.0,-50.0,-51.0,-67.0,4.6,3.47,1.0
-73.0,-74.0,-70.0,-50.0,-49.0,-67.0,4.6,3.47,1.0
-73.0,-83.0,-72.0,-45.0,-45.0,-68.0,4.6,3.47,1.0
-73.0,-77.0,-73.0,-51.0,-50.0,-68.0,4.6,3.47,1.0
-73.0,-74.0,-71.0,-50.0,-52.0,-69.0,4.6,3.47,1.0
-70.0,-74.0,-71.0,-48.0,-44.0,-68.0,4.6,3.47,1.0
-74.0,-76.0,-73.0,-49.0,-43.0,-69.0,4.6,3.47,1.0
-75.0,-76.0,-71.0,-46.0,-51.0,-67.0,4.6,3.47,1.0
-74.0,-76.0,-74.0,-50.0,-50.0,-66.0,4.6,3.47,1.0
-69.0,-77.0,-73.0,-50.0,-48.0,-67.0,4.6,3.47,1.0
-74.0,-75.0,-68.0,-52.0,-44.0,-67.0,4.6,3.47,1.0
-74.0,-75.0,-69.0,-50.0,-44.0,-68.0,4.6,3.47,1.0
-73.0,-74.0,-69.0,-49.0,-50.0,-67.0,4.6,3.47,1.0
-71.0,-71.0,-70.0,-49.0,-49.0,-67.0,4.6,3.47,1.0
-69.0,-76.0,-69.0,-44.0,-48.0,-66.0,4.6,3.47,1.0
-72.0,-76.0,-71.0,-44.0,-50.0,-68.0,4.6,3.47,1.0
-72.0,-75.0,-71.0,-49.0,-50.0,-68.0,4.6,3.47,1.0
-71.0,-76.0,-72.0,-74.0,-59.0,-69.0,4.6,3.47,1.0
-71.0,-76.0,-70.0,-51.0,-49.0,-67.0,4.6,3.47,1.0
-73.0,-75.0,-69.0,-51.0,-41.0,-68.0,4.6,3.47,1.0
-73.0,-75.0,-73.0,-50.0,-50.0,-68.0,4.6,3.47,1.0
-72.0,-72.0,-71.0,-49.0,-47.0,-66.0,4.6,3.47,1.0
-73.0,-77.0,-74.0,-50.0,-51.0,-68.0,4.6,3.47,1.0
-72.0,-77.0,-73.0,-44.0,-48.0,-69.0,4.6,3.47,1.0
-74.0,-78.0,-78.0,-51.0,-46.0,-69.0,4.6,3.47,1.0
-75.0,-77.0,-71.0,-50.0,-51.0,-69.0,4.6,3.47,1.0
-69.0,-75.0,-69.0,-49.0,-49.0,-68.0,4.6,3.47,1.0
-70.0,-74.0,-69.0,-43.0,-49.0,-65.0,4.6,3.47,1.0
-69.0,-68.0,-68.0,-65.0,-39.0,-60.0,5.8,3.47,1.0
-69.0,-70.0,-69.0,-67.0,-40.0,-63.0,5.8,3.47,1.0
-71.0,-70.0,-69.0,-66.0,-41.0,-61.0,5.8,3.47,1.0
-69.0,-70.0,-68.0,-67.0,-41.0,-63.0,5.8,3.47,1.0
-72.0,-68.0,-70.0,-64.0,-57.0,-62.0,5.8,3.47,1.0
-69.0,-70.0,-67.0,-67.0,-41.0,-62.0,5.8,3.47,1.0
-70.0,-70.0,-70.0,-66.0,-39.0,-62.0,5.8,3.47,1.0
-70.0,-70.0,-70.0,-64.0,-41.0,-62.0,5.8,3.47,1.0
-72.0,-72.0,-69.0,-66.0,-47.0,-63.0,5.8,3.47,1.0
-70.0,-72.0,-69.0,-66.0,-46.0,-63.0,5.8,3.47,1.0
-71.0,-71.0,-69.0,-66.0,-42.0,-63.0,5.8,3.47,1.0
-70.0,-71.0,-69.0,-67.0,-41.0,-63.0,5.8,3.47,1.0
-73.0,-71.0,-69.0,-67.0,-41.0,-61.0,5.8,3.47,1.0
-69.0,-69.0,-68.0,-61.0,-39.0,-61.0,5.8,3.47,1.0
-72.0,-70.0,-69.0,-66.0,-40.0,-60.0,5.8,3.47,1.0
-71.0,-70.0,-70.0,-65.0,-41.0,-60.0,5.8,3.47,1.0
-71.0,-70.0,-70.0,-65.0,-41.0,-62.0,5.8,3.47,1.0
-69.0,-69.0,-70.0,-65.0,-40.0,-62.0,5.8,3.47,1.0
-71.0,-70.0,-70.0,-66.0,-40.0,-62.0,5.8,3.47,1.0
-72.0,-71.0,-68.0,-67.0,-47.0,-61.0,5.8,3.47,1.0
-72.0,-72.0,-68.0,-63.0,-45.0,-61.0,5.8,3.47,1.0
-73.0,-71.0,-70.0,-68.0,-42.0,-63.0,5.8,3.47,1.0
-72.0,-71.0,-72.0,-67.0,-48.0,-63.0,5.8,3.47,1.0
-70.0,-72.0,-70.0,-69.0,-41.0,-64.0,5.8,3.47,1.0
-73.0,-69.0,-70.0,-67.0,-41.0,-60.0,5.8,3.47,1.0
-73.0,-71.0,-67.0,-66.0,-41.0,-60.0,5.8,3.47,1.0
-70.0,-70.0,-69.0,-67.0,-40.0,-61.0,5.8,3.47,1.0
-72.0,-70.0,-70.0,-65.0,-39.0,-63.0,5.8,3.47,1.0
-71.0,-69.0,-73.0,-61.0,-41.0,-61.0,5.8,3.47,1.0
-72.0,-70.0,-69.0,-67.0,-40.0,-60.0,5.8,3.47,1.0
-72.0,-69.0,-67.0,-67.0,-40.0,-62.0,5.8,3.47,1.0
-71.0,-70.0,-69.0,-65.0,-40.0,-62.0,5.8,3.47,1.0
-71.0,-70.0,-68.0,-66.0,-40.0,-62.0,5.8,3.47,1.0
-70.0,-68.0,-69.0,-66.0,-39.0,-62.0,5.8,3.47,1.0
-71.0,-70.0,-68.0,-63.0,-40.0,-61.0,5.8,3.47,1.0
-69.0,-69.0,-68.0,-66.0,-46.0,-63.0,5.8,3.47,1.0
-68.0,-66.0,-69.0,-65.0,-39.0,-61.0,5.8,3.47,1.0
-69.0,-67.0,-70.0,-65.0,-40.0,-63.0,5.8,3.47,1.0
-76.0,-75.0,-74.0,-43.0,-57.0,-54.0,1.0,5.37,1.0
-77.0,-73.0,-71.0,-49.0,-58.0,-52.0,1.0,5.37,1.0
-78.0,-74.0,-72.0,-49.0,-58.0,-54.0,1.0,5.37,1.0
-77.0,-73.0,-75.0,-49.0,-55.0,-53.0,1.0,5.37,1.0
-77.0,-75.0,-73.0,-48.0,-56.0,-53.0,1.0,5.37,1.0
-76.0,-74.0,-73.0,-43.0,-56.0,-55.0,1.0,5.37,1.0
-76.0,-74.0,-73.0,-43.0,-56.0,-55.0,1.0,5.37,1.0
-77.0,-76.0,-73.0,-47.0,-53.0,-55.0,1.0,5.37,1.0
-77.0,-76.0,-73.0,-47.0,-55.0,-53.0,1.0,5.37,1.0
-79.0,-75.0,-74.0,-79.0,-55.0,-52.0,1.0,5.37,1.0
-77.0,-77.0,-74.0,-43.0,-57.0,-54.0,1.0,5.37,1.0
-79.0,-74.0,-76.0,-49.0,-57.0,-54.0,1.0,5.37,1.0
-78.0,-73.0,-72.0,-43.0,-56.0,-55.0,1.0,5.37,1.0
-78.0,-73.0,-73.0,-49.0,-61.0,-54.0,1.0,5.37,1.0
-79.0,-75.0,-73.0,-43.0,-58.0,-52.0,1.0,5.37,1.0
-77.0,-74.0,-75.0,-51.0,-58.0,-54.0,1.0,5.37,1.0
-77.0,-73.0,-73.0,-48.0,-58.0,-54.0,1.0,5.37,1.0
-78.0,-75.0,-74.0,-49.0,-62.0,-53.0,1.0,5.37,1.0
-79.0,-76.0,-75.0,-43.0,-61.0,-54.0,1.0,5.37,1.0
-78.0,-74.0,-76.0,-50.0,-58.0,-71.0,1.0,5.37,1.0
-78.0,-76.0,-74.0,-51.0,-59.0,-53.0,1.0,5.37,1.0
-77.0,-74.0,-76.0,-49.0,-63.0,-53.0,1.0,5.37,1.0
-78.0,-76.0,-73.0,-49.0,-59.0,-55.0,1.0,5.37,1.0
-76.0,-73.0,-72.0,-48.0,-55.0,-56.0,1.0,5.37,1.0
-77.0,-74.0,-73.0,-48.0,-57.0,-53.0,1.0,5.37,1.0
-76.0,-75.0,-73.0,-47.0,-56.0,-53.0,1.0,5.37,1.0
-76.0,-71.0,-73.0,-41.0,-57.0,-52.0,1.0,5.37,1.0
-77.0,-74.0,-73.0,-43.0,-58.0,-54.0,1.0,5.37,1.0
-78.0,-73.0,-72.0,-49.0,-56.0,-53.0,1.0,5.37,1.0
-80.0,-75.0,-74.0,-49.0,-56.0,-54.0,1.0,5.37,1.0
-78.0,-75.0,-75.0,-43.0,-55.0,-53.0,1.0,5.37,1.0
-77.0,-72.0,-75.0,-49.0,-60.0,-56.0,1.0,5.37,1.0
-78.0,-77.0,-75.0,-49.0,-59.0,-55.0,1.0,5.37,1.0
-79.0,-75.0,-73.0,-50.0,-57.0,-55.0,1.0,5.37,1.0
-78.0,-77.0,-74.0,-41.0,-60.0,-54.0,1.0,5.37,1.0
-77.0,-73.0,-68.0,-50.0,-56.0,-52.0,1.0,5.37,1.0
-75.0,-74.0,-73.0,-48.0,-57.0,-54.0,1.0,5.37,1.0
-84.0,-73.0,-72.0,-52.0,-52.0,-62.0,2.2,5.37,1.0
-86.0,-71.0,-71.0,-53.0,-53.0,-62.0,2.2,5.37,1.0
-84.0,-70.0,-73.0,-53.0,-53.0,-60.0,2.2,5.37,1.0
-88.0,-73.0,-72.0,-53.0,-54.0,-62.0,2.2,5.37,1.0
-85.0,-72.0,-74.0,-53.0,-55.0,-63.0,2.2,5.37,1.0
-85.0,-70.0,-71.0,-53.0,-54.0,-63.0,2.2,5.37,1.0
-85.0,-73.0,-72.0,-52.0,-54.0,-63.0,2.2,5.37,1.0
-87.0,-70.0,-71.0,-51.0,-52.0,-62.0,2.2,5.37,1.0
-86.0,-70.0,-73.0,-50.0,-49.0,-60.0,2.2,5.37,1.0
-85.0,-71.0,-70.0,-49.0,-52.0,-62.0,2.2,5.37,1.0
-84.0,-72.0,-72.0,-53.0,-49.0,-61.0,2.2,5.37,1.0
-83.0,-69.0,-72.0,-52.0,-52.0,-62.0,2.2,5.37,1.0
-83.0,-70.0,-71.0,-53.0,-51.0,-59.0,2.2,5.37,1.0
-85.0,-71.0,-72.0,-53.0,-53.0,-59.0,2.2,5.37,1.0
-85.0,-70.0,-72.0,-54.0,-52.0,-59.0,2.2,5.37,1.0
-84.0,-72.0,-70.0,-53.0,-51.0,-61.0,2.2,5.37,1.0
-84.0,-75.0,-70.0,-53.0,-55.0,-61.0,2.2,5.37,1.0
-82.0,-71.0,-70.0,-53.0,-53.0,-61.0,2.2,5.37,1.0
-87.0,-69.0,-71.0,-52.0,-52.0,-62.0,2.2,5.37,1.0
-85.0,-70.0,-72.0,-52.0,-52.0,-61.0,2.2,5.37,1.0
-85.0,-71.0,-72.0,-50.0,-51.0,-61.0,2.2,5.37,1.0
-83.0,-71.0,-70.0,-54.0,-52.0,-61.0,2.2,5.37,1.0
-83.0,-68.0,-71.0,-54.0,-52.0,-62.0,2.2,5.37,1.0
-86.0,-72.0,-70.0,-52.0,-53.0,-61.0,2.2,5.37,1.0
-84.0,-71.0,-70.0,-51.0,-52.0,-60.0,2.2,5.37,1.0
-84.0,-71.0,-71.0,-52.0,-52.0,-61.0,2.2,5.37,1.0
-86.0,-72.0,-75.0,-54.0,-55.0,-62.0,2.2,5.37,1.0
-85.0,-73.0,-73.0,-56.0,-53.0,-59.0,2.2,5.37,1.0
-87.0,-66.0,-73.0,-55.0,-54.0,-63.0,2.2,5.37,1.0
-85.0,-72.0,-70.0,-51.0,-52.0,-62.0,2.2,5.37,1.0
-84.0,-72.0,-70.0,-52.0,-51.0,-62.0,2.2,5.37,1.0
-89.0,-75.0,-70.0,-52.0,-55.0,-58.0,2.2,5.37,1.0
-80.0,-73.0,-71.0,-53.0,-54.0,-63.0,2.2,5.37,1.0
-80.0,-73.0,-70.0,-52.0,-52.0,-63.0,2.2,5.37,1.0
-84.0,-71.0,-73.0,-52.0,-53.0,-63.0,2.2,5.37,1.0
-73.0,-73.0,-71.0,-50.0,-44.0,-44.0,3.4,5.37,1.0
-75.0,-75.0,-72.0,-50.0,-36.0,-43.0,3.4,5.37,1.0
-75.0,-72.0,-70.0,-52.0,-39.0,-38.0,3.4,5.37,1.0
-75.0,-76.0,-72.0,-53.0,-42.0,-40.0,3.4,5.37,1.0
-75.0,-73.0,-70.0,-52.0,-41.0,-39.0,3.4,5.37,1.0
-74.0,-73.0,-72.0,-51.0,-39.0,-46.0,3.4,5.37,1.0
-75.0,-71.0,-73.0,-52.0,-46.0,-37.0,3.4,5.37,1.0
-74.0,-74.0,-70.0,-52.0,-45.0,-40.0,3.4,5.37,1.0
-75.0,-73.0,-71.0,-52.0,-40.0,-41.0,3.4,5.37,1.0
-76.0,-73.0,-72.0,-53.0,-47.0,-46.0,3.4,5.37,1.0
-75.0,-74.0,-71.0,-50.0,-39.0,-38.0,3.4,5.37,1.0
-77.0,-73.0,-71.0,-53.0,-46.0,-40.0,3.4,5.37,1.0
-75.0,-71.0,-70.0,-50.0,-40.0,-38.0,3.4,5.37,1.0
-74.0,-72.0,-70.0,-51.0,-44.0,-43.0,3.4,5.37,1.0
-77.0,-74.0,-72.0,-53.0,-48.0,-41.0,3.4,5.37,1.0
-76.0,-72.0,-72.0,-51.0,-46.0,-38.0,3.4,5.37,1.0
-76.0,-72.0,-70.0,-52.0,-45.0,-38.0,3.4,5.37,1.0
-81.0,-72.0,-70.0,-50.0,-40.0,-36.0,3.4,5.37,1.0
-75.0,-73.0,-71.0,-51.0,-39.0,-38.0,3.4,5.37,1.0
-74.0,-75.0,-70.0,-52.0,-46.0,-40.0,3.4,5.37,1.0
-74.0,-72.0,-69.0,-52.0,-45.0,-44.0,3.4,5.37,1.0
-75.0,-72.0,-71.0,-53.0,-40.0,-40.0,3.4,5.37,1.0
-76.0,-72.0,-71.0,-50.0,-40.0,-45.0,3.4,5.37,1.0
-75.0,-72.0,-71.0,-52.0,-40.0,-39.0,3.4,5.37,1.0
-75.0,-72.0,-71.0,-51.0,-39.0,-45.0,3.4,5.37,1.0
-76.0,-72.0,-70.0,-51.0,-40.0,-36.0,3.4,5.37,1.0
-75.0,-73.0,-70.0,-52.0,-39.0,-35.0,3.4,5.37,1.0
-77.0,-72.0,-68.0,-53.0,-40.0,-38.0,3.4,5.37,1.0
-76.0,-72.0,-72.0,-52.0,-41.0,-40.0,3.4,5.37,1.0
-78.0,-71.0,-72.0,-53.0,-46.0,-39.0,3.4,5.37,1.0
-75.0,-72.0,-72.0,-45.0,-39.0,-39.0,3.4,5.37,1.0
-75.0,-71.0,-71.0,-52.0,-45.0,-39.0,3.4,5.37,1.0
-74.0,-73.0,-72.0,-50.0,-46.0,-46.0,3.4,5.37,1.0
-77.0,-73.0,-72.0,-52.0,-40.0,-42.0,3.4,5.37,1.0
-76.0,-75.0,-70.0,-51.0,-39.0,-44.0,3.4,5.37,1.0
-75.0,-73.0,-70.0,-53.0,-47.0,-40.0,3.4,5.37,1.0
-72.0,-67.0,-67.0,-54.0,-41.0,-51.0,4.6,5.37,1.0
-72.0,-66.0,-66.0,-54.0,-42.0,-52.0,4.6,5.37,1.0
-69.0,-64.0,-63.0,-51.0,-38.0,-51.0,4.6,5.37,1.0
-72.0,-68.0,-66.0,-53.0,-42.0,-52.0,4.6,5.37,1.0
-72.0,-68.0,-68.0,-49.0,-43.0,-54.0,4.6,5.37,1.0
-72.0,-68.0,-66.0,-46.0,-43.0,-53.0,4.6,5.37,1.0
-70.0,-67.0,-66.0,-51.0,-48.0,-51.0,4.6,5.37,1.0
-70.0,-65.0,-65.0,-50.0,-47.0,-52.0,4.6,5.37,1.0
-69.0,-66.0,-65.0,-51.0,-40.0,-51.0,4.6,5.37,1.0
-71.0,-66.0,-64.0,-50.0,-48.0,-52.0,4.6,5.37,1.0
-67.0,-66.0,-65.0,-51.0,-40.0,-52.0,4.6,5.37,1.0
-70.0,-66.0,-65.0,-50.0,-47.0,-52.0,4.6,5.37,1.0
-70.0,-65.0,-64.0,-47.0,-40.0,-51.0,4.6,5.37,1.0
-70.0,-64.0,-64.0,-52.0,-46.0,-53.0,4.6,5.37,1.0
-68.0,-65.0,-67.0,-49.0,-46.0,-51.0,4.6,5.37,1.0
-71.0,-68.0,-68.0,-54.0,-48.0,-52.0,4.6,5.37,1.0
-71.0,-67.0,-65.0,-52.0,-43.0,-53.0,4.6,5.37,1.0
-71.0,-67.0,-65.0,-53.0,-48.0,-54.0,4.6,5.37,1.0
-71.0,-67.0,-66.0,-52.0,-42.0,-53.0,4.6,5.37,1.0
-71.0,-66.0,-69.0,-53.0,-41.0,-52.0,4.6,5.37,1.0
-71.0,-66.0,-66.0,-52.0,-41.0,-53.0,4.6,5.37,1.0
-70.0,-67.0,-67.0,-52.0,-43.0,-53.0,4.6,5.37,1.0
-71.0,-66.0,-67.0,-51.0,-39.0,-53.0,4.6,5.37,1.0
-70.0,-67.0,-67.0,-54.0,-43.0,-53.0,4.6,5.37,1.0
-71.0,-65.0,-67.0,-52.0,-48.0,-54.0,4.6,5.37,1.0
-71.0,-68.0,-67.0,-51.0,-47.0,-52.0,4.6,5.37,1.0
-71.0,-67.0,-66.0,-51.0,-48.0,-53.0,4.6,5.37,1.0
-70.0,-68.0,-68.0,-50.0,-42.0,-52.0,4.6,5.37,1.0
-71.0,-67.0,-67.0,-52.0,-47.0,-52.0,4.6,5.37,1.0
-70.0,-67.0,-66.0,-51.0,-48.0,-52.0,4.6,5.37,1.0
-71.0,-66.0,-66.0,-51.0,-40.0,-56.0,4.6,5.37,1.0
-71.0,-67.0,-66.0,-51.0,-41.0,-52.0,4.6,5.37,1.0
-70.0,-66.0,-65.0,-50.0,-42.0,-53.0,4.6,5.37,1.0
-70.0,-67.0,-66.0,-50.0,-49.0,-53.0,4.6,5.37,1.0
-73.0,-67.0,-81.0,-52.0,-53.0,-49.0,5.8,5.37,1.0
-69.0,-65.0,-79.0,-52.0,-47.0,-46.0,5.8,5.37,1.0
-72.0,-65.0,-76.0,-55.0,-49.0,-40.0,5.8,5.37,1.0
-70.0,-65.0,-79.0,-48.0,-50.0,-45.0,5.8,5.37,1.0
-70.0,-61.0,-80.0,-48.0,-49.0,-40.0,5.8,5.37,1.0
-72.0,-67.0,-82.0,-54.0,-51.0,-48.0,5.8,5.37,1.0
-72.0,-67.0,-79.0,-53.0,-50.0,-40.0,5.8,5.37,1.0
-72.0,-67.0,-79.0,-53.0,-51.0,-48.0,5.8,5.37,1.0
-69.0,-67.0,-79.0,-55.0,-53.0,-46.0,5.8,5.37,1.0
-71.0,-66.0,-79.0,-53.0,-54.0,-39.0,5.8,5.37,1.0
-69.0,-67.0,-80.0,-53.0,-49.0,-41.0,5.8,5.37,1.0
-71.0,-66.0,-80.0,-54.0,-51.0,-47.0,5.8,5.37,1.0
-71.0,-65.0,-78.0,-52.0,-51.0,-46.0,5.8,5.37,1.0
-71.0,-66.0,-79.0,-51.0,-48.0,-46.0,5.8,5.37,1.0
-72.0,-66.0,-74.0,-54.0,-49.0,-41.0,5.8,5.37,1.0
-72.0,-65.0,-80.0,-53.0,-50.0,-46.0,5.8,5.37,1.0
-73.0,-66.0,-83.0,-52.0,-50.0,-71.0,5.8,5.37,1.0
-72.0,-65.0,-79.0,-51.0,-50.0,-46.0,5.8,5.37,1.0
-71.0,-69.0,-81.0,-54.0,-51.0,-49.0,5.8,5.37,1.0
-72.0,-68.0,-81.0,-54.0,-52.0,-42.0,5.8,5.37,1.0
-69.0,-66.0,-79.0,-50.0,-50.0,-46.0,5.8,5.37,1.0
-69.0,-70.0,-79.0,-51.0,-50.0,-42.0,5.8,5.37,1.0
-71.0,-66.0,-78.0,-55.0,-50.0,-45.0,5.8,5.37,1.0
-69.0,-67.0,-80.0,-56.0,-51.0,-48.0,5.8,5.37,1.0
-74.0,-65.0,-80.0,-54.0,-50.0,-42.0,5.8,5.37,1.0
-73.0,-67.0,-81.0,-52.0,-52.0,-42.0,5.8,5.37,1.0
-72.0,-65.0,-79.0,-54.0,-51.0,-45.0,5.8,5.37,1.0
-73.0,-66.0,-76.0,-52.0,-51.0,-40.0,5.8,5.37,1.0
-72.0,-65.0,-81.0,-51.0,-49.0,-45.0,5.8,5.37,1.0
-73.0,-63.0,-79.0,-54.0,-49.0,-46.0,5.8,5.37,1.0
-72.0,-67.0,-80.0,-54.0,-52.0,-43.0,5.8,5.37,1.0
-74.0,-66.0,-80.0,-54.0,-51.0,-41.0,5.8,5.37,1.0
-71.0,-66.0,-80.0,-53.0,-49.0,-46.0,5.8,5.37,1.0
-70.0,-64.0,-78.0,-52.0,-51.0,-39.0,5.8,5.37,1.0
-80.0,-78.0,-67.0,-56.0,-58.0,-50.0,1.0,7.27,1.0
-71.0,-77.0,-67.0,-56.0,-57.0,-43.0,1.0,7.27,1.0
-73.0,-78.0,-70.0,-53.0,-59.0,-49.0,1.0,7.27,1.0
-76.0,-81.0,-69.0,-58.0,-60.0,-51.0,1.0,7.27,1.0
-74.0,-79.0,-68.0,-57.0,-60.0,-45.0,1.0,7.27,1.0
-72.0,-78.0,-66.0,-55.0,-57.0,-75.0,1.0,7.27,1.0
-72.0,-66.0,-67.0,-55.0,-58.0,-49.0,1.0,7.27,1.0
-70.0,-74.0,-67.0,-54.0,-56.0,-48.0,1.0,7.27,1.0
-73.0,-79.0,-67.0,-55.0,-58.0,-48.0,1.0,7.27,1.0
-72.0,-78.0,-66.0,-58.0,-59.0,-51.0,1.0,7.27,1.0
-74.0,-81.0,-68.0,-57.0,-60.0,-50.0,1.0,7.27,1.0
-73.0,-79.0,-67.0,-55.0,-58.0,-50.0,1.0,7.27,1.0
-75.0,-76.0,-69.0,-56.0,-57.0,-48.0,1.0,7.27,1.0
-74.0,-76.0,-68.0,-56.0,-57.0,-49.0,1.0,7.27,1.0
-73.0,-77.0,-66.0,-53.0,-56.0,-48.0,1.0,7.27,1.0
-75.0,-79.0,-68.0,-55.0,-59.0,-51.0,1.0,7.27,1.0
-75.0,-79.0,-68.0,-58.0,-58.0,-50.0,1.0,7.27,1.0
-73.0,-77.0,-69.0,-58.0,-60.0,-50.0,1.0,7.27,1.0
-76.0,-77.0,-67.0,-59.0,-59.0,-49.0,1.0,7.27,1.0
-74.0,-79.0,-67.0,-59.0,-58.0,-51.0,1.0,7.27,1.0
-74.0,-77.0,-67.0,-58.0,-59.0,-50.0,1.0,7.27,1.0
-73.0,-79.0,-68.0,-56.0,-59.0,-50.0,1.0,7.27,1.0
-74.0,-80.0,-68.0,-54.0,-58.0,-52.0,1.0,7.27,1.0
-71.0,-77.0,-66.0,-54.0,-57.0,-49.0,1.0,7.27,1.0
-73.0,-77.0,-68.0,-54.0,-58.0,-49.0,1.0,7.27,1.0
-72.0,-78.0,-66.0,-54.0,-58.0,-49.0,1.0,7.27,1.0
-72.0,-76.0,-67.0,-56.0,-57.0,-48.0,1.0,7.27,1.0
-73.0,-77.0,-68.0,-56.0,-57.0,-48.0,1.0,7.27,1.0
-73.0,-78.0,-67.0,-56.0,-58.0,-48.0,1.0,7.27,1.0
-75.0,-77.0,-66.0,-56.0,-58.0,-49.0,1.0,7.27,1.0
-72.0,-77.0,-62.0,-57.0,-58.0,-43.0,1.0,7.27,1.0
-72.0,-77.0,-66.0,-59.0,-58.0,-51.0,1.0,7.27,1.0
-73.0,-80.0,-68.0,-58.0,-60.0,-49.0,1.0,7.27,1.0
-73.0,-79.0,-69.0,-55.0,-58.0,-50.0,1.0,7.27,1.0
-72.0,-78.0,-68.0,-57.0,-59.0,-50.0,1.0,7.27,1.0
-73.0,-81.0,-64.0,-57.0,-58.0,-50.0,1.0,7.27,1.0
-76.0,-70.0,-74.0,-43.0,-51.0,-50.0,2.2,7.27,1.0
-76.0,-71.0,-73.0,-52.0,-54.0,-53.0,2.2,7.27,1.0
-78.0,-70.0,-74.0,-50.0,-48.0,-51.0,2.2,7.27,1.0
-76.0,-70.0,-73.0,-48.0,-48.0,-49.0,2.2,7.27,1.0
-76.0,-69.0,-74.0,-49.0,-51.0,-54.0,2.2,7.27,1.0
-75.0,-70.0,-74.0,-50.0,-51.0,-50.0,2.2,7.27,1.0
-74.0,-70.0,-73.0,-49.0,-51.0,-50.0,2.2,7.27,1.0
-75.0,-73.0,-74.0,-45.0,-53.0,-53.0,2.2,7.27,1.0
-78.0,-69.0,-73.0,-49.0,-50.0,-50.0,2.2,7.27,1.0
-76.0,-71.0,-74.0,-50.0,-51.0,-51.0,2.2,7.27,1.0
-75.0,-69.0,-73.0,-48.0,-52.0,-51.0,2.2,7.27,1.0
-74.0,-73.0,-75.0,-49.0,-50.0,-52.0,2.2,7.27,1.0
-74.0,-72.0,-76.0,-46.0,-51.0,-53.0,2.2,7.27,1.0
-75.0,-70.0,-75.0,-45.0,-48.0,-56.0,2.2,7.27,1.0
-76.0,-74.0,-71.0,-42.0,-45.0,-51.0,2.2,7.27,1.0
-78.0,-71.0,-71.0,-42.0,-43.0,-51.0,2.2,7.27,1.0
-76.0,-70.0,-74.0,-48.0,-50.0,-52.0,2.2,7.27,1.0
-77.0,-72.0,-74.0,-49.0,-52.0,-50.0,2.2,7.27,1.0
-74.0,-70.0,-75.0,-49.0,-50.0,-51.0,2.2,7.27,1.0
-74.0,-70.0,-74.0,-49.0,-50.0,-50.0,2.2,7.27,1.0
-76.0,-72.0,-74.0,-50.0,-52.0,-51.0,2.2,7.27,1.0
-77.0,-72.0,-75.0,-44.0,-43.0,-52.0,2.2,7.27,1.0
-76.0,-70.0,-74.0,-47.0,-51.0,-52.0,2.2,7.27,1.0
-77.0,-71.0,-75.0,-54.0,-51.0,-50.0,2.2,7.27,1.0
-80.0,-73.0,-79.0,-51.0,-46.0,-52.0,2.2,7.27,1.0
-76.0,-69.0,-74.0,-47.0,-45.0,-49.0,2.2,7.27,1.0
-76.0,-72.0,-74.0,-49.0,-51.0,-50.0,2.2,7.27,1.0
-76.0,-70.0,-73.0,-44.0,-50.0,-53.0,2.2,7.27,1.0
-75.0,-73.0,-74.0,-42.0,-52.0,-51.0,2.2,7.27,1.0
-75.0,-70.0,-75.0,-49.0,-48.0,-51.0,2.2,7.27,1.0
-76.0,-72.0,-75.0,-49.0,-51.0,-52.0,2.2,7.27,1.0
-76.0,-71.0,-74.0,-47.0,-45.0,-51.0,2.2,7.27,1.0
-78.0,-70.0,-75.0,-50.0,-43.0,-51.0,2.2,7.27,1.0
-76.0,-72.0,-75.0,-49.0,-48.0,-53.0,2.2,7.27,1.0
-75.0,-71.0,-76.0,-49.0,-53.0,-51.0,2.2,7.27,1.0
-78.0,-71.0,-80.0,-55.0,-56.0,-28.0,3.4,7.27,1.0
-79.0,-72.0,-97.0,-60.0,-58.0,-28.0,3.4,7.27,1.0
-77.0,-71.0,-79.0,-52.0,-57.0,-28.0,3.4,7.27,1.0
-76.0,-69.0,-76.0,-55.0,-53.0,-45.0,3.4,7.27,1.0
-78.0,-69.0,-78.0,-57.0,-56.0,-28.0,3.4,7.27,1.0
-77.0,-70.0,-78.0,-53.0,-57.0,-28.0,3.4,7.27,1.0
-77.0,-71.0,-78.0,-49.0,-57.0,-28.0,3.4,7.27,1.0
-77.0,-70.0,-77.0,-54.0,-55.0,-26.0,3.4,7.27,1.0
-77.0,-71.0,-79.0,-54.0,-56.0,-27.0,3.4,7.27,1.0
-77.0,-70.0,-78.0,-55.0,-54.0,-27.0,3.4,7.27,1.0
-77.0,-71.0,-76.0,-49.0,-55.0,-25.0,3.4,7.27,1.0
-78.0,-71.0,-78.0,-53.0,-57.0,-26.0,3.4,7.27,1.0
-75.0,-68.0,-76.0,-50.0,-53.0,-26.0,3.4,7.27,1.0
-77.0,-69.0,-76.0,-52.0,-51.0,-25.0,3.4,7.27,1.0
-79.0,-73.0,-80.0,-54.0,-57.0,-27.0,3.4,7.27,1.0
-79.0,-69.0,-82.0,-53.0,-56.0,-26.0,3.4,7.27,1.0
-74.0,-71.0,-78.0,-53.0,-57.0,-29.0,3.4,7.27,1.0
-76.0,-68.0,-77.0,-54.0,-55.0,-27.0,3.4,7.27,1.0
-76.0,-71.0,-77.0,-53.0,-56.0,-27.0,3.4,7.27,1.0
-76.0,-68.0,-78.0,-54.0,-56.0,-26.0,3.4,7.27,1.0
-79.0,-67.0,-76.0,-52.0,-55.0,-26.0,3.4,7.27,1.0
-77.0,-71.0,-78.0,-54.0,-57.0,-27.0,3.4,7.27,1.0
-77.0,-71.0,-77.0,-54.0,-56.0,-27.0,3.4,7.27,1.0
-78.0,-69.0,-79.0,-55.0,-57.0,-28.0,3.4,7.27,1.0
-77.0,-67.0,-77.0,-51.0,-50.0,-26.0,3.4,7.27,1.0
-79.0,-71.0,-80.0,-54.0,-57.0,-28.0,3.4,7.27,1.0
-77.0,-72.0,-79.0,-54.0,-55.0,-27.0,3.4,7.27,1.0
-78.0,-71.0,-79.0,-52.0,-56.0,-28.0,3.4,7.27,1.0
-79.0,-72.0,-78.0,-55.0,-55.0,-27.0,3.4,7.27,1.0
-76.0,-68.0,-76.0,-51.0,-55.0,-26.0,3.4,7.27,1.0
-79.0,-69.0,-78.0,-54.0,-56.0,-27.0,3.4,7.27,1.0
-77.0,-71.0,-79.0,-55.0,-57.0,-27.0,3.4,7.27,1.0
-78.0,-71.0,-80.0,-55.0,-57.0,-28.0,3.4,7.27,1.0
-79.0,-69.0,-78.0,-50.0,-54.0,-26.0,3.4,7.27,1.0
-73.0,-73.0,-75.0,-54.0,-52.0,-33.0,4.6,7.27,1.0
-75.0,-72.0,-75.0,-58.0,-52.0,-34.0,4.6,7.27,1.0
-72.0,-74.0,-75.0,-54.0,-50.0,-33.0,4.6,7.27,1.0
-73.0,-71.0,-74.0,-55.0,-48.0,-33.0,4.6,7.27,1.0
-72.0,-72.0,-74.0,-55.0,-52.0,-33.0,4.6,7.27,1.0
-72.0,-74.0,-75.0,-54.0,-50.0,-32.0,4.6,7.27,1.0
-71.0,-74.0,-75.0,-55.0,-45.0,-32.0,4.6,7.27,1.0
-75.0,-72.0,-74.0,-53.0,-55.0,-33.0,4.6,7.27,1.0
-72.0,-73.0,-75.0,-55.0,-51.0,-34.0,4.6,7.27,1.0
-73.0,-71.0,-74.0,-54.0,-51.0,-31.0,4.6,7.27,1.0
-74.0,-71.0,-75.0,-53.0,-51.0,-32.0,4.6,7.27,1.0
-73.0,-75.0,-74.0,-54.0,-51.0,-31.0,4.6,7.27,1.0
-71.0,-73.0,-75.0,-54.0,-52.0,-33.0,4.6,7.27,1.0
-73.0,-74.0,-75.0,-54.0,-51.0,-33.0,4.6,7.27,1.0
-73.0,-72.0,-75.0,-55.0,-52.0,-33.0,4.6,7.27,1.0
-74.0,-74.0,-74.0,-55.0,-50.0,-33.0,4.6,7.27,1.0
-73.0,-73.0,-75.0,-54.0,-50.0,-34.0,4.6,7.27,1.0
-73.0,-72.0,-74.0,-54.0,-54.0,-34.0,4.6,7.27,1.0
-75.0,-70.0,-74.0,-54.0,-50.0,-32.0,4.6,7.27,1.0
-73.0,-72.0,-74.0,-53.0,-51.0,-34.0,4.6,7.27,1.0
-72.0,-72.0,-73.0,-52.0,-55.0,-42.0,4.6,7.27,1.0
-73.0,-72.0,-73.0,-55.0,-45.0,-32.0,4.6,7.27,1.0
-72.0,-71.0,-73.0,-52.0,-49.0,-32.0,4.6,7.27,1.0
-71.0,-72.0,-74.0,-53.0,-49.0,-32.0,4.6,7.27,1.0
-71.0,-69.0,-73.0,-54.0,-52.0,-31.0,4.6,7.27,1.0
-71.0,-72.0,-73.0,-53.0,-49.0,-33.0,4.6,7.27,1.0
-72.0,-70.0,-73.0,-51.0,-49.0,-32.0,4.6,7.27,1.0
-71.0,-71.0,-74.0,-54.0,-50.0,-33.0,4.6,7.27,1.0
-71.0,-71.0,-74.0,-52.0,-45.0,-33.0,4.6,7.27,1.0
-73.0,-73.0,-75.0,-54.0,-54.0,-33.0,4.6,7.27,1.0
-73.0,-75.0,-75.0,-54.0,-52.0,-33.0,4.6,7.27,1.0
-73.0,-70.0,-72.0,-53.0,-49.0,-31.0,4.6,7.27,1.0
-73.0,-72.0,-75.0,-54.0,-52.0,-33.0,4.6,7.27,1.0
-70.0,-70.0,-73.0,-53.0,-52.0,-31.0,4.6,7.27,1.0
-73.0,-71.0,-74.0,-53.0,-51.0,-33.0,4.6,7.27,1.0
-73.0,-74.0,-74.0,-56.0,-52.0,-34.0,4.6,7.27,1.0
-74.0,-68.0,-67.0,-50.0,-50.0,-39.0,5.8,7.27,1.0
-75.0,-68.0,-67.0,-50.0,-52.0,-40.0,5.8,7.27,1.0
-72.0,-70.0,-64.0,-51.0,-51.0,-39.0,5.8,7.27,1.0
-71.0,-66.0,-65.0,-52.0,-49.0,-40.0,5.8,7.27,1.0
-72.0,-68.0,-67.0,-52.0,-53.0,-39.0,5.8,7.27,1.0
-70.0,-67.0,-65.0,-49.0,-50.0,-38.0,5.8,7.27,1.0
-71.0,-68.0,-65.0,-51.0,-48.0,-44.0,5.8,7.27,1.0
-71.0,-66.0,-65.0,-52.0,-50.0,-37.0,5.8,7.27,1.0
-73.0,-67.0,-66.0,-50.0,-50.0,-39.0,5.8,7.27,1.0
-71.0,-68.0,-65.0,-51.0,-50.0,-38.0,5.8,7.27,1.0
-71.0,-68.0,-66.0,-50.0,-50.0,-38.0,5.8,7.27,1.0
-71.0,-67.0,-66.0,-49.0,-50.0,-37.0,5.8,7.27,1.0
-74.0,-67.0,-66.0,-50.0,-51.0,-39.0,5.8,7.27,1.0
-70.0,-68.0,-66.0,-50.0,-50.0,-39.0,5.8,7.27,1.0
-70.0,-69.0,-66.0,-49.0,-52.0,-40.0,5.8,7.27,1.0
-74.0,-68.0,-66.0,-50.0,-50.0,-37.0,5.8,7.27,1.0
-71.0,-67.0,-66.0,-51.0,-50.0,-40.0,5.8,7.27,1.0
-71.0,-67.0,-66.0,-49.0,-48.0,-39.0,5.8,7.27,1.0
-71.0,-68.0,-66.0,-49.0,-50.0,-36.0,5.8,7.27,1.0
-70.0,-66.0,-66.0,-51.0,-49.0,-37.0,5.8,7.27,1.0
-73.0,-69.0,-62.0,-52.0,-51.0,-41.0,5.8,7.27,1.0
-69.0,-66.0,-66.0,-48.0,-50.0,-39.0,5.8,7.27,1.0
-72.0,-66.0,-64.0,-50.0,-49.0,-37.0,5.8,7.27,1.0
-70.0,-67.0,-65.0,-49.0,-51.0,-36.0,5.8,7.27,1.0
-70.0,-67.0,-66.0,-50.0,-47.0,-37.0,5.8,7.27,1.0
-71.0,-68.0,-66.0,-50.0,-50.0,-39.0,5.8,7.27,1.0
-71.0,-67.0,-65.0,-53.0,-53.0,-44.0,5.8,7.27,1.0
-73.0,-68.0,-66.0,-50.0,-51.0,-35.0,5.8,7.27,1.0
-73.0,-68.0,-66.0,-48.0,-50.0,-39.0,5.8,7.27,1.0
-71.0,-67.0,-66.0,-50.0,-49.0,-39.0,5.8,7.27,1.0
-71.0,-68.0,-66.0,-51.0,-50.0,-37.0,5.8,7.27,1.0
-73.0,-68.0,-66.0,-50.0,-52.0,-37.0,5.8,7.27,1.0
-71.0,-67.0,-65.0,-50.0,-50.0,-39.0,5.8,7.27,1.0
-73.0,-66.0,-67.0,-49.0,-51.0,-38.0,5.8,7.27,1.0
